date,home_team,away_team,home_win_rate,away_win_rate,home_goals_avg,away_goals_avg,home_conceded_avg,away_conceded_avg,home_win_rate_vs_top,away_win_rate_vs_top,h2h_home_wins,matches_played_diff,home_rank,away_rank,rank_diff,label
1994-04-14,Martinique,Guadeloupe,0.4,0.3333333333333333,1.5,3.6666666666666665,1.8,2.0,0.33,0.33,0.0,9,100,100,0,1
1995-03-19,Sint Maarten,Saint Kitts and Nevis,0.375,0.3333333333333333,1.25,2.7777777777777777,1.875,1.8888888888888888,0.33,0.33,0.0,-1,100,100,0,0
1995-03-26,Saint Kitts and Nevis,Sint Maarten,0.4,0.3333333333333333,2.7,1.1111111111111112,1.7,1.8888888888888888,0.33,0.33,0.0,1,100,100,0,0
1995-04-30,Guernsey,Jersey,0.3333333333333333,0.875,4.0,5.375,1.6666666666666667,1.125,0.33,0.33,0.5,-5,100,100,0,0
1995-05-09,French Guiana,Martinique,0.25,0.3,1.0,1.6,1.25,2.5,0.33,0.33,1.0,-10,100,100,0,0
1995-05-13,Guadeloupe,Martinique,0.2857142857142857,0.4,2.571428571428572,1.9,2.0,2.6,0.33,0.33,0.5,-9,100,100,0,1
1995-07-16,Isle of Man,Ynys Môn,0.5,0.25,2.0,1.0,1.75,1.0,0.33,0.33,0.5,0,100,100,0,0
1995-07-16,Jersey,Isle of Wight,0.8888888888888888,0.5,5.0,1.0,1.1111111111111112,0.75,0.33,0.33,0.5,5,100,100,0,1
1995-07-17,Greenland,Ynys Môn,0.6,0.4,2.0,1.2,1.2,0.8,0.33,0.33,0.0,0,100,100,0,0
1995-07-17,Jersey,Guernsey,0.9,0.2,4.7,3.0,1.0,1.8,0.33,0.33,0.3333333333333333,5,100,100,0,1
1995-07-17,Åland Islands,Isle of Wight,0.6,0.4,1.8,0.8,1.2,1.0,0.33,0.33,0.0,0,100,100,0,0
1995-07-18,Greenland,Isle of Man,0.5,0.3333333333333333,1.8333333333333333,1.5,1.3333333333333333,1.8333333333333333,0.33,0.33,0.5,0,100,100,0,1
1995-07-18,Jersey,Åland Islands,0.9,0.5,4.6,1.5,0.9,1.8333333333333333,0.33,0.33,0.5,5,100,100,0,1
1995-07-20,Greenland,Isle of Wight,0.5714285714285714,0.4285714285714285,2.142857142857143,1.4285714285714286,1.1428571428571428,0.8571428571428571,0.33,0.33,0.5,0,100,100,0,0
1995-07-21,French Guiana,Saint Vincent and the Grenadines,0.2857142857142857,0.75,1.5714285714285714,2.0,1.4285714285714286,0.5,0.33,0.33,0.5,3,100,100,0,0
1995-07-21,Guernsey,Ynys Môn,0.1428571428571428,0.4285714285714285,2.2857142857142856,1.1428571428571428,1.5714285714285714,1.0,0.33,0.33,0.5,0,100,100,0,1
1995-07-21,Åland Islands,Isle of Man,0.4285714285714285,0.2857142857142857,1.4285714285714286,1.2857142857142858,2.0,2.142857142857143,0.33,0.33,1.0,0,100,100,0,1
1995-11-23,Saint Lucia,Saint Vincent and the Grenadines,0.2,0.8571428571428571,1.1,2.571428571428572,2.0,0.5714285714285714,0.33,0.33,0.5,7,100,100,0,1
1996-03-16,Alderney,Guernsey,0.0,0.25,0.3333333333333333,2.5,11.666666666666666,1.625,0.33,0.33,0.0,-5,100,100,0,0
1996-03-31,Saint Kitts and Nevis,Sint Maarten,0.3,0.4,2.9,1.3,1.4,1.7,0.33,0.33,0.0,3,100,100,0,1
1996-04-24,Martinique,Saint Lucia,0.4,0.4,2.0,1.3,1.9,1.5,0.33,0.33,1.0,0,100,100,0,1
1996-04-28,Saint Lucia,Martinique,0.3,0.5,0.9,1.9,1.6,1.7,0.33,0.33,1.0,0,100,100,0,0
1996-05-05,Saint Kitts and Nevis,Saint Lucia,0.4,0.3,3.0,0.8,1.2,1.6,0.33,0.33,0.5,-4,100,100,0,1
1996-05-19,Guernsey,Jersey,0.3,0.7,2.2,3.6,1.3,0.6,0.33,0.33,0.4,-5,100,100,0,0
1996-05-19,Saint Lucia,Saint Kitts and Nevis,0.2,0.5,0.7,3.4,2.0,1.2,0.33,0.33,1.0,4,100,100,0,0
1997-03-12,Martinique,Saint Lucia,0.4,0.2,1.2,0.6,1.5,1.9,0.33,0.33,0.6666666666666666,2,100,100,0,1
1997-03-14,Saint Lucia,Saint Vincent and the Grenadines,0.2,0.1,0.6,1.5,1.5,3.4,0.33,0.0,0.6666666666666666,-1,100,100,0,1
1997-03-22,Alderney,Guernsey,0.0,0.2,0.25,1.2,9.25,1.4,0.33,0.33,0.0,-7,100,100,0,0
1997-05-05,Guernsey,Jersey,0.3,0.7,1.7,1.9,1.2,0.6,0.33,0.33,0.3333333333333333,-4,100,100,0,1
1997-06-30,Jersey,Greenland,0.6,0.5,1.4,2.0,0.7,1.25,0.33,0.33,1.0,10,100,100,0,1
1997-07-01,Ynys Môn,Shetland,0.4444444444444444,0.2,2.0,0.6,1.2222222222222223,2.0,0.33,0.33,0.5,4,100,100,0,1
1997-07-02,Jersey,Guernsey,0.6,0.6,1.4,1.9,0.7,0.7,0.33,0.33,0.4285714285714285,3,100,100,0,1
1997-07-03,Frøya,Greenland,0.0,0.3,0.6666666666666666,1.7,3.333333333333333,1.7,0.33,0.33,0.5,-8,100,100,0,1
1997-07-03,Isle of Wight,Guernsey,0.5,0.6,1.6,1.8,0.7,1.0,0.33,0.33,0.0,-6,100,100,0,1
1997-07-03,Shetland,Hitra,0.2857142857142857,0.0,0.7142857142857143,0.3333333333333333,2.142857142857143,5.333333333333333,0.33,0.33,0.5,4,100,100,0,1
1997-07-04,Jersey,Ynys Môn,0.6,0.5,1.8,2.2,0.9,1.0,0.33,0.33,0.0,10,100,100,0,1
1997-07-06,Saint Kitts and Nevis,Martinique,0.4,0.7,2.4,1.7,1.5,0.6,0.33,0.33,0.0,-5,100,100,0,1
1997-11-28,Gambia,Cape Verde,0.375,0.5,1.0,0.75,1.5,0.75,0.33,0.33,0.5,4,100,100,0,1
1998-03-07,Curaçao,French Guiana,0.3,0.1,1.3,1.2,1.6,1.6,0.33,0.33,0.5,-5,100,100,0,1
1998-03-14,Alderney,Jersey,0.0,0.6,0.2,1.7,8.6,0.9,0.33,0.33,0.5,-17,100,100,0,0
1998-03-20,Saint Lucia,Saint Vincent and the Grenadines,0.4,0.0,1.0,1.0,1.4,3.7,0.33,0.0,0.75,0,100,100,0,1
1998-03-22,Saint Lucia,Martinique,0.4,0.6,1.1,1.9,1.5,0.9,0.33,0.33,0.75,-4,100,100,0,0
1998-04-05,Saint Kitts and Nevis,Guadeloupe,0.3,0.4,1.2,2.4,1.5,1.6,0.33,0.33,0.5,19,100,100,0,1
1998-05-04,Jersey,Guernsey,0.7,0.5,1.9,1.5,0.8,1.1,0.33,0.33,0.5,5,100,100,0,1
1999-02-03,Martinique,French Guiana,0.7,0.0,2.5,0.9,1.4,1.8,0.33,0.33,0.5,16,100,100,0,1
1999-03-27,Alderney,Guernsey,0.0,0.4,0.1666666666666666,1.3,7.5,1.3,0.33,0.33,0.0,-13,100,100,0,0
1999-04-17,Saint Lucia,Martinique,0.3,0.7,1.1,2.7,1.7,1.5,0.33,0.33,0.6,-8,100,100,0,1
1999-04-17,Saint Vincent and the Grenadines,Saint Kitts and Nevis,0.0,0.5,1.2,1.5,3.8,1.4,0.0,0.33,0.0,-6,100,100,0,0
1999-04-18,Martinique,Saint Kitts and Nevis,0.6,0.6,2.6,1.9,1.7,1.7,0.33,0.33,0.5,3,100,100,0,1
1999-04-20,Saint Kitts and Nevis,Saint Lucia,0.5,0.4,1.8,1.5,1.9,1.8,0.33,0.33,0.5,5,100,100,0,1
1999-05-03,Guernsey,Jersey,0.5,0.8,1.4,2.1,1.3,0.7,0.33,0.33,0.5555555555555556,-4,100,100,0,1
1999-06-27,Isle of Man,Shetland,0.25,0.375,1.25,0.875,2.375,2.0,0.33,0.33,0.0,0,100,100,0,1
1999-06-27,Isle of Wight,Frøya,0.5,0.4,1.7,1.6,0.6,2.4,0.33,0.33,0.5,8,100,100,0,1
1999-06-27,Jersey,Åland Islands,0.8,0.5,2.1,1.75,0.9,1.875,0.33,0.33,1.0,17,100,100,0,1
1999-06-28,Frøya,Greenland,0.3333333333333333,0.3,1.6666666666666667,1.5,3.0,1.6,0.33,0.33,1.0,-7,100,100,0,0
1999-06-28,Hitra,Isle of Man,0.0,0.3333333333333333,0.6,1.3333333333333333,6.0,2.2222222222222223,0.33,0.33,0.5,-4,100,100,0,0
1999-06-29,Isle of Wight,Greenland,0.7,0.4,2.8,1.7,0.6,1.5,0.33,0.33,0.0,1,100,100,0,1
1999-06-29,Shetland,Hitra,0.3,0.0,0.9,0.5,2.1,7.166666666666667,0.33,0.33,1.0,4,100,100,0,1
1999-07-01,Gotland,Greenland,0.6666666666666666,0.3,6.333333333333333,1.8,2.0,2.2,0.33,0.33,0.5,-12,100,100,0,1
1999-07-01,Gotland,Åland Islands,0.75,0.5,6.5,1.6,2.0,1.7,0.33,0.33,0.5,-6,100,100,0,0
1999-07-01,Guernsey,Frøya,0.4,0.375,0.9,1.875,1.2,2.75,0.33,0.33,0.0,15,100,100,0,1
1999-07-01,Hitra,Saare County,0.0,0.0,0.5714285714285714,1.0,6.714285714285714,4.666666666666667,0.33,0.33,0.5,4,100,100,0,1
1999-07-01,Isle of Man,Jersey,0.4,0.9,2.9,2.5,2.3,0.8,0.33,0.33,1.0,-16,100,100,0,1
1999-07-01,Isle of Wight,Ynys Môn,0.7,0.4,3.0,2.1,0.8,1.1,0.33,0.33,0.0,2,100,100,0,0
1999-07-02,Guernsey,Shetland,0.4,0.5,1.1,1.5,1.3,1.9,0.33,0.33,0.5,12,100,100,0,1
1999-07-02,Isle of Wight,Jersey,0.7,0.8,3.0,2.1,1.0,0.8,0.33,0.33,1.0,-11,100,100,0,1
1999-07-02,Rhodes,Åland Islands,0.3333333333333333,0.5,1.0,1.7,0.3333333333333333,1.7,0.33,0.33,0.5,-8,100,100,0,1
1999-07-02,Ynys Môn,Isle of Man,0.4,0.4,2.2,2.8,1.2,2.3,0.33,0.33,0.0,3,100,100,0,1
2000-03-19,United States Virgin Islands,Saint Vincent and the Grenadines,0.0,0.1,0.6666666666666666,2.4,3.6666666666666665,3.9,0.33,0.0,1.0,-25,100,100,0,0
2000-03-25,Alderney,Jersey,0.0,0.7,0.1428571428571428,1.9,6.571428571428571,0.9,0.33,0.33,0.3333333333333333,-22,100,100,0,0
2000-04-16,Saint Vincent and the Grenadines,Saint Kitts and Nevis,0.2,0.6,2.8,3.0,3.8,1.6,0.0,0.33,0.0,-9,100,100,0,1
2000-04-22,Saint Kitts and Nevis,Saint Vincent and the Grenadines,0.6,0.3,2.9,2.8,1.5,3.4,0.33,0.0,0.25,9,100,100,0,0
2000-05-01,Jersey,Guernsey,0.7,0.4,2.5,1.5,0.9,1.7,0.33,0.33,0.6,5,100,100,0,1
2001-03-12,Saint Lucia,Saint Vincent and the Grenadines,0.5,0.3,1.8,1.0,1.6,2.8,0.33,0.33,0.6666666666666666,-8,100,100,0,0
2001-03-24,Alderney,Guernsey,0.0,0.4,0.125,1.5,7.0,1.8,0.33,0.33,0.0,-18,100,100,0,0
2001-04-10,Guadeloupe,Saint Lucia,0.5,0.3,1.5,1.5,1.5,1.7,0.33,0.33,0.5,-18,100,100,0,0
2001-04-12,Guadeloupe,United States Virgin Islands,0.4,0.0,1.5,0.8,1.7,5.6,0.33,0.33,0.5,13,100,100,0,1
2001-04-14,Saint Lucia,United States Virgin Islands,0.3,0.0,1.6,0.6666666666666666,1.9,6.5,0.33,0.33,0.5,31,100,100,0,1
2001-05-07,Guernsey,Jersey,0.5,0.7,2.1,2.3,1.4,0.7,0.33,0.33,0.6363636363636364,-4,100,100,0,1
2001-07-08,Ynys Môn,Saare County,0.4,0.0,2.1,1.0,1.1,4.0,0.33,0.33,0.5,12,100,100,0,1
2001-07-09,Greenland,Rhodes,0.2,0.5,1.4,1.5,2.7,0.75,0.33,0.33,0.0,14,100,100,0,0
2001-07-09,Saare County,Shetland,0.0,0.5,1.0,1.9,4.0,2.0,0.33,0.33,0.5,-8,100,100,0,0
2001-07-10,Isle of Man,Guernsey,0.4,0.7,3.1,2.7,1.8,1.0,0.33,0.33,0.5,-15,100,100,0,0
2001-07-10,Rhodes,Isle of Wight,0.6,0.6,1.6,2.9,0.6,0.9,0.33,0.33,0.5,-14,100,100,0,0
2001-07-12,Isle of Man,Rhodes,0.4,0.5,3.3,1.5,1.9,1.1666666666666667,0.33,0.33,0.5,9,100,100,0,0
2001-07-12,Isle of Wight,Guernsey,0.7,0.7,3.3,2.9,1.0,1.2,0.33,0.33,0.5,-10,100,100,0,0
2001-07-13,Greenland,Saare County,0.3,0.1428571428571428,1.7,1.2857142857142858,2.7,3.4285714285714284,0.33,0.33,1.0,13,100,100,0,1
2001-07-13,Isle of Wight,Jersey,0.6,0.6,3.1,3.4,1.3,1.1,0.33,0.33,1.0,-14,100,100,0,0
2001-07-13,Orkney,Falkland Islands,0.0,0.0,0.3333333333333333,0.0,5.333333333333333,5.333333333333333,0.33,0.33,0.5,0,100,100,0,0
2001-07-28,Saint Kitts and Nevis,Martinique,0.4,0.5,2.6,1.6,1.6,1.3,0.33,0.33,0.6666666666666666,1,100,100,0,1
2002-03-09,Alderney,Jersey,0.0,0.6,0.1111111111111111,3.5,6.888888888888889,1.1,0.33,0.33,0.25,-27,100,100,0,0
2002-05-06,Jersey,Guernsey,0.6,0.7,3.2,3.0,1.1,1.4,0.33,0.33,0.6666666666666666,5,100,100,0,1
2002-07-25,Saint Kitts and Nevis,Taiwan,0.4,0.1,2.2,0.3,1.6,3.3,0.33,0.33,0.5,24,100,100,0,1
2002-11-13,Saint Kitts and Nevis,Saint Lucia,0.6,0.5,2.3,3.5,1.4,1.6,0.33,0.33,0.6666666666666666,10,100,100,0,1
2003-03-22,Alderney,Guernsey,0.0,0.7,0.2,3.0,6.4,1.5,0.33,0.33,0.0,-23,100,100,0,0
2003-03-30,Saint Lucia,Martinique,0.7,0.3,3.5,1.5,1.6,1.3,0.33,0.33,0.6666666666666666,-9,100,100,0,0
2003-05-18,Jersey,Guernsey,0.7,0.6,3.7,2.7,1.2,1.2,0.33,0.33,0.6428571428571429,4,100,100,0,1
2003-06-29,Frøya,Jersey,0.3,0.7,1.8,2.8,3.1,1.2,0.33,0.33,1.0,-30,100,100,0,0
2003-06-29,Guernsey,Alderney,0.6,0.0,2.7,0.3,1.2,5.8,0.33,0.33,0.0,25,100,100,0,1
2003-06-29,Isle of Wight,Greenland,0.5,0.4,2.8,1.8,1.4,2.2,0.33,0.33,0.3333333333333333,1,100,100,0,0
2003-06-29,Saare County,Ynys Môn,0.125,0.3,1.125,1.4,3.25,0.9,0.33,0.33,1.0,-12,100,100,0,0
2003-06-30,Guernsey,Orkney,0.6,0.0,2.8,0.5,1.3,5.0,0.33,0.33,0.5,33,100,100,0,1
2003-06-30,Isle of Man,Saare County,0.4,0.1111111111111111,3.5,1.0,1.8,3.111111111111111,0.33,0.33,0.5,8,100,100,0,1
2003-06-30,Jersey,Shetland,0.7,0.3,3.2,2.0,1.3,2.1,0.33,0.33,0.5,23,100,100,0,1
2003-07-01,Orkney,Alderney,0.0,0.0,0.4,0.4,6.0,4.7,0.33,0.33,0.5,-7,100,100,0,1
2003-07-01,Shetland,Frøya,0.3,0.3,1.9,1.9,2.4,3.2,0.33,0.33,0.5,7,100,100,0,1
2003-07-01,Ynys Môn,Isle of Man,0.4,0.5,1.6,3.8,0.9,1.4,0.33,0.33,0.5,3,100,100,0,0
2003-07-03,Alderney,Greenland,0.0,0.4,0.4,2.8,4.3,2.1,0.33,0.33,0.5,-11,100,100,0,0
2003-07-03,Frøya,Sark,0.3,0.0,2.0,0.0,3.1,18.33333333333333,0.33,0.33,0.5,10,100,100,0,1
2003-07-03,Gotland,Saare County,0.375,0.1,3.625,0.9,1.75,3.2,0.33,0.33,0.5,-2,100,100,0,1
2003-07-03,Guernsey,Isle of Wight,0.6,0.5,3.4,3.9,1.2,1.4,0.33,0.33,0.3333333333333333,13,100,100,0,1
2003-07-03,Isle of Man,Jersey,0.5,0.7,3.8,2.4,1.4,0.9,0.33,0.33,1.0,-24,100,100,0,1
2003-07-04,Gotland,Greenland,0.4444444444444444,0.5,3.555555555555556,2.9,1.5555555555555556,1.4,0.33,0.33,1.0,-16,100,100,0,1
2003-07-04,Guernsey,Isle of Man,0.6,0.5,3.4,2.7,1.3,1.5,0.33,0.33,0.0,19,100,100,0,1
2003-07-04,Jersey,Isle of Wight,0.6,0.4,2.3,3.3,1.0,1.5,0.33,0.33,0.6666666666666666,18,100,100,0,1
2003-07-04,Orkney,Shetland,0.1428571428571428,0.4,0.8571428571428571,2.1,5.428571428571429,2.2,0.33,0.33,0.5,-13,100,100,0,0
2003-07-04,Saare County,Alderney,0.1,0.0,0.8,0.4,3.1,4.4,0.33,0.33,0.5,-3,100,100,0,0
2004-02-18,United States Virgin Islands,Saint Kitts and Nevis,0.0,0.7,0.7777777777777778,2.0,7.111111111111111,0.8,0.33,0.33,0.5,-45,100,100,0,0
2004-03-06,Alderney,Jersey,0.1,0.7,0.5,2.4,3.8,0.8,0.33,0.33,0.2,-30,100,100,0,0
2004-03-31,Saint Kitts and Nevis,United States Virgin Islands,0.7,0.0,2.0,0.7,0.8,6.8,0.33,0.33,0.0,45,100,100,0,1
2004-05-03,Jersey,Guernsey,0.7,0.6,2.6,3.4,0.8,1.2,0.33,0.33,0.6666666666666666,6,100,100,0,1
2004-09-10,Saint Vincent and the Grenadines,Saint Kitts and Nevis,0.3,0.7,1.2,2.3,2.9,1.0,0.33,0.33,0.2,-15,100,100,0,1
2004-10-13,Saint Kitts and Nevis,Saint Vincent and the Grenadines,0.5,0.4,2.0,1.2,1.4,2.2,0.33,0.33,0.3333333333333333,14,100,100,0,0
2004-11-10,Guadeloupe,French Guiana,0.6,0.0,2.7,0.9,1.2,1.8,0.33,0.33,0.5,10,100,100,0,0
2005-03-12,Alderney,Guernsey,0.1,0.5,0.5,3.1,4.0,1.3,0.33,0.33,0.1428571428571428,-25,100,100,0,0
2005-07-10,Guernsey,Orkney,0.5,0.125,3.1,0.75,1.4,5.5,0.33,0.33,1.0,36,100,100,0,1
2005-07-10,Saare County,Åland Islands,0.1,0.5,0.7,1.9,2.6,1.8,0.33,0.33,0.5,0,100,100,0,1
2005-07-10,Shetland,Falkland Islands,0.4,0.25,2.3,1.0,2.1,4.25,0.33,0.33,0.5,17,100,100,0,1
2005-07-11,Orkney,Greenland,0.1111111111111111,0.5,0.6666666666666666,2.8,5.222222222222222,0.7,0.33,0.33,0.5,-18,100,100,0,0
2005-07-11,Shetland,Åland Islands,0.4,0.4,2.4,1.8,1.9,2.0,0.33,0.33,1.0,9,100,100,0,1
2005-07-12,Orkney,Ynys Môn,0.1,0.5,0.7,1.6,4.9,0.7,0.33,0.33,0.5,-14,100,100,0,0
2005-07-12,Saare County,Falkland Islands,0.2,0.2,0.9,0.8,2.3,4.2,0.33,0.33,0.5,9,100,100,0,0
2005-07-12,Åland Islands,Isle of Man,0.3,0.4,1.7,2.5,2.2,1.6,0.33,0.33,1.0,-8,100,100,0,0
2005-07-13,Falkland Islands,Isle of Man,0.3333333333333333,0.5,1.0,2.6,3.6666666666666665,1.5,0.33,0.33,1.0,-17,100,100,0,0
2005-07-13,Greenland,Guernsey,0.6,0.7,3.4,3.3,1.0,1.1,0.33,0.33,0.0,-17,100,100,0,0
2005-07-14,Guernsey,Ynys Môn,0.7,0.4,3.2,1.4,1.0,0.6,0.33,0.33,0.3333333333333333,21,100,100,0,1
2005-07-14,Shetland,Isle of Man,0.4,0.5,1.9,2.6,1.2,1.5,0.33,0.33,0.3333333333333333,0,100,100,0,0
2005-07-14,Western Isles,Orkney,0.0,0.1,1.6666666666666667,0.7,2.0,3.9,0.33,0.33,0.5,-8,100,100,0,1
2005-07-14,Åland Islands,Falkland Islands,0.3,0.2857142857142857,1.5,0.8571428571428571,2.1,4.428571428571429,0.33,0.33,0.5,8,100,100,0,1
2005-07-15,Orkney,Falkland Islands,0.1,0.25,1.1,0.875,4.2,4.125,0.33,0.33,0.0,4,100,100,0,1
2005-07-15,Shetland,Guernsey,0.4,0.7,1.8,2.5,1.2,1.0,0.33,0.33,1.0,-23,100,100,0,1
2005-07-15,Western Isles,Isle of Man,0.25,0.6,2.5,2.5,2.5,1.2,0.33,0.33,0.5,-21,100,100,0,1
2005-07-15,Ynys Môn,Saare County,0.3,0.2,1.0,0.7,0.8,1.8,0.33,0.33,0.5,11,100,100,0,1
2005-07-15,Åland Islands,Greenland,0.4,0.5,1.7,3.0,1.7,1.6,0.33,0.33,0.0,-14,100,100,0,1
2005-09-04,DR Congo,Cape Verde,0.3,0.4,1.0,1.1,1.1,1.0,0.33,0.33,0.0,53,100,100,0,1
2006-03-18,Alderney,Jersey,0.1,0.6,0.6,2.5,4.1,0.6,0.33,0.33,0.1666666666666666,-32,100,100,0,0
2006-05-01,Jersey,Guernsey,0.6,0.6,2.8,2.2,0.7,1.1,0.33,0.33,0.6111111111111112,1,100,100,0,1
2006-05-31,Greenland,Zanzibar,0.3,0.4,2.8,1.3,1.9,1.6,0.33,0.33,0.5,6,100,100,0,0
2006-09-03,Gambia,Cape Verde,0.3,0.3,1.3,0.8,1.2,1.5,0.33,0.33,0.3333333333333333,-7,100,100,0,1
2006-09-20,Guadeloupe,Saint Martin,0.5,0.3,1.9,1.3,1.1,3.6,0.33,0.33,0.5,21,100,100,0,1
2006-09-22,Martinique,Saint Martin,0.3,0.2,1.4,1.0,1.4,3.6,0.33,0.33,0.5,53,100,100,0,1
2006-09-24,Guadeloupe,Martinique,0.5,0.3,1.4,1.2,0.7,1.2,0.33,0.33,0.5,-32,100,100,0,1
2006-10-01,Saint Vincent and the Grenadines,Saint Lucia,0.5,0.3,1.5,1.6,1.5,2.3,0.33,0.33,0.5714285714285714,-6,100,100,0,1
2006-11-19,Kyrgyzstan,Zanzibar,0.4,0.5,0.8,1.4,1.3,1.2,0.33,0.33,0.5,7,100,100,0,0
2006-11-21,Greenland,Kyrgyzstan,0.2,0.5,1.4,1.3,2.2,0.9,0.33,0.33,0.5,-3,100,100,0,0
2006-11-21,Northern Cyprus,Tibet,0.8333333333333334,0.0,2.6666666666666665,0.0,0.3333333333333333,4.0,0.33,0.33,0.5,2,100,100,0,1
2006-11-23,Kyrgyzstan,Crimea,0.6,0.6666666666666666,1.3,1.0,0.7,2.0,0.33,0.33,0.5,36,100,100,0,0
2006-11-23,Northern Cyprus,Zanzibar,0.8571428571428571,0.3,3.7142857142857135,1.1,0.2857142857142857,1.3,0.33,0.33,0.0,-25,100,100,0,1
2006-11-24,Occitania,Ambazonia,0.3333333333333333,0.0,1.6666666666666667,0.0,3.333333333333333,3.0,0.33,0.33,1.0,0,100,100,0,1
2006-11-24,Sápmi,Monaco,1.0,0.6666666666666666,8.0,2.0,0.0,5.333333333333333,0.33,0.33,1.0,0,100,100,0,1
2006-11-25,Northern Cyprus,Crimea,0.875,0.75,3.875,1.5,0.25,2.0,0.33,0.33,1.0,4,100,100,0,1
2007-01-18,Saint Vincent and the Grenadines,Guadeloupe,0.5,0.7,2.1,2.6,1.5,0.9,0.33,0.33,0.5,11,100,100,0,0
2007-03-17,Alderney,Guernsey,0.1,0.5,0.7,2.1,3.5,1.3,0.33,0.33,0.125,-32,100,100,0,0
2007-06-30,Rhodes,Saare County,0.5,0.1,1.5,0.7,1.25,2.0,0.33,0.33,0.5,-9,100,100,0,1
2007-07-01,Rhodes,Frøya,0.5555555555555556,0.3,1.5555555555555556,3.3,1.1111111111111112,3.0,0.33,0.33,0.5,-5,100,100,0,1
2007-07-01,Western Isles,Gotland,0.4,0.5,2.8,3.4,2.0,1.5,0.33,0.33,0.5,-5,100,100,0,1
2007-07-02,Gotland,Western Isles,0.4,0.5,2.3,2.6666666666666665,1.6,1.8333333333333333,0.33,0.33,1.0,5,100,100,0,0
2007-07-02,Saare County,Frøya,0.1,0.2,0.7,3.0,2.0,3.2,0.33,0.33,0.0,3,100,100,0,0
2007-07-02,Ynys Môn,Åland Islands,0.5,0.4,1.2,1.5,0.8,1.7,0.33,0.33,0.5,11,100,100,0,0
2007-07-04,Frøya,Gotland,0.3,0.3,3.1,2.1,2.8,1.8,0.33,0.33,0.0,4,100,100,0,0
2007-07-04,Jersey,Åland Islands,0.6,0.5,2.2,1.7,0.7,1.6,0.33,0.33,1.0,35,100,100,0,1
2007-07-04,Rhodes,Western Isles,0.6,0.5714285714285714,1.7,2.7142857142857144,1.1,1.7142857142857142,0.33,0.33,0.5,3,100,100,0,1
2007-07-05,Jersey,Gotland,0.6,0.4,2.0,2.0,0.7,1.4,0.33,0.33,0.0,42,100,100,0,1
2007-07-05,Menorca,Saare County,0.3333333333333333,0.1,2.333333333333333,0.9,1.3333333333333333,2.1,0.33,0.33,0.5,-16,100,100,0,1
2007-07-05,Åland Islands,Frøya,0.4,0.3,1.5,3.0,1.6,2.8,0.33,0.33,0.5,3,100,100,0,1
2008-03-08,Alderney,Jersey,0.1,0.6,0.7,1.7,3.4,0.7,0.33,0.33,0.1428571428571428,-37,100,100,0,0
2008-07-12,Padania,Arameans Suryoye,1.0,0.6666666666666666,3.333333333333333,2.0,0.6666666666666666,0.0,0.33,0.33,0.5,0,100,100,0,1
2008-07-12,Sápmi,Provence,0.5714285714285714,0.0,6.714285714285714,0.3333333333333333,0.8571428571428571,4.666666666666667,0.33,0.33,0.5,4,100,100,0,1
2008-07-13,Padania,Arameans Suryoye,1.0,0.5,3.5,1.75,0.75,1.0,0.33,0.33,1.0,0,100,100,0,1
2008-07-13,Sápmi,Iraqi Kurdistan,0.625,0.25,6.375,1.5,1.0,1.0,0.33,0.33,0.0,4,100,100,0,1
2008-09-24,Guadeloupe,Martinique,0.4,0.6,1.3,1.4,1.5,1.3,0.33,0.33,0.6,-26,100,100,0,0
2008-09-25,Mayotte,Réunion,0.25,0.5,0.75,1.4,1.75,0.6,0.33,0.33,0.5,-12,100,100,0,0
2008-09-28,French Guiana,Mayotte,0.2,0.2,1.1,0.8,1.5,2.6,0.33,0.33,0.5,18,100,100,0,1
2008-10-01,French Guiana,Réunion,0.3,0.5,1.3,1.8,1.5,0.7,0.33,0.33,0.5,7,100,100,0,0
2008-10-03,Guadeloupe,French Guiana,0.4,0.3,1.2,1.3,1.1,1.6,0.33,0.33,0.3333333333333333,25,100,100,0,1
2008-10-04,Martinique,Réunion,0.6,0.6,1.2,1.7,1.0,0.4,0.33,0.33,0.5,58,100,100,0,0
2008-10-15,Guadeloupe,Martinique,0.7,0.5,2.2,1.3,0.7,1.3,0.33,0.33,0.5,-26,100,100,0,1
2009-03-21,Alderney,Guernsey,0.1,0.5,0.6,2.5,3.9,1.0,0.33,0.33,0.1111111111111111,-33,100,100,0,0
2009-05-03,Guernsey,Jersey,0.6,0.6,2.7,2.2,0.7,0.8,0.33,0.33,0.5714285714285714,-4,100,100,0,0
2009-06-22,Padania,Occitania,1.0,0.5,3.2,2.0,0.6,2.5,0.33,0.33,0.5,1,100,100,0,1
2009-06-23,Occitania,Iraqi Kurdistan,0.4,0.2,1.6,1.4,2.2,1.4,0.33,0.33,0.5,0,100,100,0,0
2009-06-23,Sápmi,Provence,0.6666666666666666,0.2,6.0,1.2,1.0,3.8,0.33,0.33,1.0,4,100,100,0,0
2009-06-24,Padania,Iraqi Kurdistan,1.0,0.3333333333333333,2.833333333333333,1.8333333333333333,0.5,1.1666666666666667,0.33,0.33,1.0,0,100,100,0,1
2009-06-25,Padania,Sápmi,1.0,0.6,2.7142857142857144,5.5,0.5714285714285714,1.3,0.33,0.33,0.0,-4,100,100,0,1
2009-06-25,Provence,Iraqi Kurdistan,0.3333333333333333,0.2857142857142857,1.3333333333333333,1.7142857142857142,3.333333333333333,1.2857142857142858,0.33,0.33,0.0,-1,100,100,0,0
2009-06-27,Padania,Iraqi Kurdistan,1.0,0.375,2.875,2.25,0.5,1.125,0.33,0.33,1.0,0,100,100,0,1
2009-06-28,Falkland Islands,Isle of Man,0.2222222222222222,0.6,0.7777777777777778,2.4,3.888888888888889,1.3,0.33,0.33,0.5,-17,100,100,0,0
2009-06-28,Rhodes,Isle of Wight,0.7,0.4,1.7,3.2,1.4,1.5,0.33,0.33,0.0,-15,100,100,0,1
2009-06-28,Saare County,Jersey,0.1,0.7,1.0,2.0,2.1,0.5,0.33,0.33,0.5,-39,100,100,0,0
2009-06-28,Western Isles,Gotland,0.5555555555555556,0.3,2.2222222222222223,1.3,1.4444444444444444,1.3,0.33,0.33,0.5,-5,100,100,0,1
2009-06-28,Ynys Môn,Frøya,0.4,0.2,1.1,2.7,1.6,3.0,0.33,0.33,0.5,13,100,100,0,1
2009-06-28,Åland Islands,Greenland,0.4,0.2,1.4,1.3,1.6,2.1,0.33,0.33,0.5,-15,100,100,0,1
2009-06-29,Gotland,Falkland Islands,0.3,0.2,1.3,0.8,1.1,3.7,0.33,0.33,0.5,5,100,100,0,1
2009-06-29,Isle of Man,Western Isles,0.7,0.6,2.4,2.2,1.2,1.4,0.33,0.33,1.0,17,100,100,0,1
2009-06-29,Isle of Wight,Saare County,0.3,0.1,3.0,1.0,1.7,1.9,0.33,0.33,0.0,7,100,100,0,1
2009-06-29,Jersey,Rhodes,0.7,0.7,1.7,1.7,0.4,1.4,0.33,0.33,0.5,47,100,100,0,1
2009-06-29,Menorca,Greenland,0.4,0.2,2.6,1.5,1.4,2.5,0.33,0.33,0.5,-32,100,100,0,1
2009-06-29,Ynys Môn,Guernsey,0.5,0.4,1.3,2.2,1.4,0.7,0.33,0.33,0.5,-24,100,100,0,0
2009-06-29,Åland Islands,Shetland,0.5,0.5,1.6,2.0,1.5,1.0,0.33,0.33,1.0,-5,100,100,0,1
2009-06-30,Greenland,Shetland,0.1,0.5,1.3,2.1,3.0,1.2,0.33,0.33,0.5,10,100,100,0,1
2009-06-30,Guernsey,Frøya,0.4,0.2,1.8,2.4,0.7,3.2,0.33,0.33,0.5,37,100,100,0,1
2009-06-30,Isle of Man,Gotland,0.7,0.4,2.5,1.5,1.2,1.1,0.33,0.33,0.0,12,100,100,0,1
2009-06-30,Jersey,Isle of Wight,0.7,0.4,1.5,3.5,0.2,1.8,0.33,0.33,0.75,32,100,100,0,1
2009-06-30,Rhodes,Saare County,0.6,0.1,1.4,1.1,1.3,2.3,0.33,0.33,1.0,-8,100,100,0,1
2009-06-30,Western Isles,Falkland Islands,0.6,0.2,2.1,0.8,1.7,3.0,0.33,0.33,0.5,0,100,100,0,1
2009-07-02,Falkland Islands,Frøya,0.2,0.2,0.9,2.3,3.4,3.5,0.33,0.33,0.5,-9,100,100,0,0
2009-07-02,Gotland,Greenland,0.4,0.2,1.5,1.2,1.3,2.7,0.33,0.33,1.0,-22,100,100,0,1
2009-07-02,Guernsey,Jersey,0.4,0.8,2.3,1.9,0.7,0.3,0.33,0.33,0.5454545454545454,-4,100,100,0,0
2009-07-02,Shetland,Saare County,0.5,0.0,2.2,0.9,1.0,2.5,0.33,0.33,0.0,6,100,100,0,1
2009-07-02,Åland Islands,Isle of Man,0.6,0.7,1.7,2.7,1.2,1.3,0.33,0.33,0.6666666666666666,-5,100,100,0,1
2009-07-03,Isle of Man,Guernsey,0.6,0.4,2.6,2.3,1.4,0.7,0.33,0.33,0.5,-29,100,100,0,0
2009-07-03,Menorca,Western Isles,0.4285714285714285,0.7,2.857142857142857,2.4,1.1428571428571428,1.4,0.33,0.33,0.5,-5,100,100,0,1
2009-07-03,Rhodes,Ynys Môn,0.6,0.5,1.5,1.4,1.3,1.7,0.33,0.33,0.0,-19,100,100,0,1
2009-07-03,Åland Islands,Jersey,0.7,0.8,1.9,2.0,1.2,0.3,0.33,0.33,1.0,-38,100,100,0,0
2010-03-20,Alderney,Jersey,0.1,0.9,0.5,2.1,4.0,0.3,0.33,0.33,0.125,-43,100,100,0,0
2010-05-08,Jersey,Guernsey,0.9,0.5,2.3,2.6,0.3,0.4,0.33,0.33,0.5217391304347826,5,100,100,0,0
2010-05-31,Gozo,Padania,0.0,1.0,1.3333333333333333,2.7777777777777777,4.0,0.4444444444444444,0.33,0.33,0.5,-6,100,100,0,0
2010-06-01,Occitania,Padania,0.4285714285714285,1.0,1.4285714285714286,2.7,2.2857142857142856,0.5,0.33,0.33,1.0,-3,100,100,0,0
2010-06-02,Gozo,Occitania,0.0,0.375,1.25,1.25,3.5,2.125,0.33,0.33,1.0,-4,100,100,0,0
2010-06-02,Iraqi Kurdistan,Provence,0.4,0.2222222222222222,2.2,1.3333333333333333,1.2,3.4444444444444446,0.33,0.33,0.0,1,100,100,0,1
2010-06-04,Gozo,Provence,0.0,0.2,1.0,1.4,3.8,3.4,0.33,0.33,1.0,-5,100,100,0,1
2010-06-04,Iraqi Kurdistan,Occitania,0.5,0.4444444444444444,2.3,1.6666666666666667,1.2,1.8888888888888888,0.33,0.33,0.0,2,100,100,0,1
2010-06-05,Iraqi Kurdistan,Padania,0.5,1.0,2.2,2.2,1.3,0.3,0.33,0.33,1.0,0,100,100,0,0
2010-06-05,Occitania,Two Sicilies,0.4,0.3333333333333333,1.6,0.6666666666666666,1.9,2.0,0.33,0.33,0.5,7,100,100,0,1
2010-09-25,Mayotte,Réunion,0.125,0.6,1.25,2.4,2.75,0.4,0.33,0.33,0.0,-12,100,100,0,0
2010-09-28,French Guiana,Réunion,0.4,0.6,1.8,2.5,1.5,0.5,0.33,0.33,0.0,7,100,100,0,0
2010-09-29,Guadeloupe,Martinique,0.3,0.6,1.2,1.8,1.6,0.9,0.33,0.33,0.5714285714285714,-17,100,100,0,1
2010-10-01,Mayotte,Guadeloupe,0.2,0.3,2.1,1.1,2.4,1.4,0.33,0.33,0.5,-56,100,100,0,0
2010-10-22,Saint Kitts and Nevis,Guadeloupe,0.2,0.4,1.8,1.3,1.7,1.2,0.33,0.33,1.0,15,100,100,0,0
2011-03-19,Alderney,Guernsey,0.1,0.5,0.4,2.2,3.6,0.4,0.33,0.33,0.1,-39,100,100,0,0
2011-06-26,Gotland,Isle of Man,0.5,0.6,1.9,2.5,1.5,1.6,0.33,0.33,0.5,-13,100,100,0,0
2011-06-26,Guernsey,Falkland Islands,0.6,0.2,2.7,1.0,0.4,3.3,0.33,0.33,1.0,50,100,100,0,1
2011-06-26,Isle of Wight,Ynys Môn,0.3,0.4,3.0,1.2,2.1,2.1,0.33,0.33,0.0,-4,100,100,0,1
2011-06-26,Jersey,Menorca,0.7,0.5,1.6,3.0,0.5,1.125,0.33,0.33,0.0,59,100,100,0,1
2011-06-26,Rhodes,Greenland,0.7,0.2,1.8,1.4,0.9,2.5,0.33,0.33,0.0,-24,100,100,0,1
2011-06-27,Gotland,Guernsey,0.4,0.6,1.8,2.7,1.9,0.4,0.33,0.33,0.5,-45,100,100,0,0
2011-06-27,Greenland,Menorca,0.2,0.4444444444444444,1.3,2.6666666666666665,2.4,1.2222222222222223,0.33,0.33,1.0,32,100,100,0,0
2011-06-27,Isle of Man,Falkland Islands,0.7,0.1,2.7,0.6,1.6,3.7,0.33,0.33,0.3333333333333333,18,100,100,0,1
2011-06-27,Isle of Wight,Alderney,0.4,0.1,3.4,0.4,1.9,4.1,0.33,0.33,0.5,8,100,100,0,1
2011-06-27,Jersey,Rhodes,0.8,0.7,1.7,1.7,0.4,0.9,0.33,0.33,1.0,51,100,100,0,1
2011-06-27,Western Isles,Åland Islands,0.7,0.5,2.5,1.8,1.8,1.4,0.33,0.33,0.5,-14,100,100,0,0
2011-06-28,Alderney,Ynys Môn,0.0,0.4,0.3,1.5,4.5,2.8,0.33,0.33,0.5,-12,100,100,0,0
2011-06-28,Falkland Islands,Gotland,0.1,0.3,0.6,1.8,3.9,2.3,0.33,0.33,1.0,-5,100,100,0,0
2011-06-28,Greenland,Jersey,0.2,0.8,1.5,1.8,2.6,0.4,0.33,0.33,1.0,-27,100,100,0,0
2011-06-28,Guernsey,Isle of Man,0.7,0.7,3.2,3.2,0.5,1.6,0.33,0.33,0.3333333333333333,32,100,100,0,1
2011-06-28,Saare County,Western Isles,0.0,0.6,1.1,2.0,2.7,1.6,0.33,0.33,0.5,11,100,100,0,1
2011-06-30,Alderney,Falkland Islands,0.0,0.0,0.3,0.5,4.6,4.4,0.33,0.33,0.5,10,100,100,0,0
2011-06-30,Gotland,Ynys Môn,0.4,0.4,2.3,1.7,2.2,2.6,0.33,0.33,0.5,-17,100,100,0,0
2011-06-30,Greenland,Western Isles,0.2,0.5,1.4,1.6,2.4,1.8,0.33,0.33,0.0,28,100,100,0,1
2011-06-30,Guernsey,Åland Islands,0.8,0.6,3.4,2.0,0.6,1.2,0.33,0.33,0.0,38,100,100,0,1
2011-06-30,Isle of Wight,Jersey,0.5,0.8,2.0,1.9,1.9,0.5,0.33,0.33,0.8,-36,100,100,0,1
2011-07-01,Isle of Wight,Guernsey,0.5,0.8,1.9,3.5,1.8,0.8,0.33,0.33,0.5,-32,100,100,0,1
2011-07-01,Jersey,Åland Islands,0.7,0.5,1.8,2.0,0.6,1.5,0.33,0.33,0.75,42,100,100,0,1
2011-08-08,Mayotte,Réunion,0.1,0.8,2.0,2.6,2.7,0.3,0.33,0.33,0.0,-12,100,100,0,1
2011-08-13,Réunion,Mayotte,0.7,0.2,2.6,2.1,0.7,2.2,0.33,0.33,0.3333333333333333,12,100,100,0,1
2011-09-06,Saint Lucia,Saint Kitts and Nevis,0.2,0.2,1.4,1.3,2.6,1.4,0.33,0.33,0.6,-20,100,100,0,0
2011-11-11,United States Virgin Islands,Curaçao,0.2,0.1,0.6,1.7,5.4,2.3,0.33,0.33,0.5,-25,100,100,0,0
2011-11-15,Curaçao,United States Virgin Islands,0.2,0.2,1.9,0.6,2.1,5.7,0.33,0.33,0.0,25,100,100,0,1
2012-03-24,Alderney,Guernsey,0.0,0.7,0.2,2.9,4.7,1.2,0.33,0.33,0.0909090909090909,-41,100,100,0,0
2012-05-06,Jersey,Guernsey,0.7,0.8,1.9,3.6,0.6,1.0,0.33,0.33,0.48,3,100,100,0,0
2012-06-06,Iraqi Kurdistan,Occitania,0.6,0.6,2.7,2.2,1.2,1.1,0.33,0.33,0.5,2,100,100,0,1
2012-06-06,Provence,Northern Cyprus,0.3,0.9,3.2,4.9,2.7,0.3,0.33,0.33,0.5,2,100,100,0,1
2012-06-08,Iraqi Kurdistan,Provence,0.7,0.4,2.7,3.4,0.9,2.3,0.33,0.33,0.3333333333333333,2,100,100,0,1
2012-06-08,Zanzibar,Northern Cyprus,0.5,0.8,1.9,4.9,0.6,0.5,0.33,0.33,0.3333333333333333,47,100,100,0,0
2012-06-09,Iraqi Kurdistan,Northern Cyprus,0.7,0.8,2.5,4.8,1.0,0.4,0.33,0.33,0.5,4,100,100,0,1
2012-06-09,Occitania,Western Sahara,0.5,0.5,2.3,2.5,1.2,3.25,0.33,0.33,0.0,10,100,100,0,1
2012-06-09,Provence,Zanzibar,0.4,0.4,3.3,1.8,2.1,0.8,0.33,0.33,0.5,-45,100,100,0,0
2012-06-09,Tamil Eelam,Raetia,0.0,0.3333333333333333,0.0,0.3333333333333333,3.6666666666666665,3.0,0.33,0.33,1.0,0,100,100,0,1
2012-07-15,Bonaire,Curaçao,0.2,0.2,2.0,2.0,3.6,2.3,0.33,0.33,0.0,-48,100,100,0,0
2012-09-22,Guadeloupe,Saint Pierre and Miquelon,0.4,0.0,1.3,0.0,1.2,9.333333333333334,0.33,0.33,0.5,75,100,100,0,1
2012-09-22,Réunion,French Guiana,0.7,0.3,2.1,1.7,0.6,1.6,0.33,0.33,0.0,-2,100,100,0,1
2012-09-24,Guadeloupe,French Guiana,0.4,0.3,2.3,1.7,1.0,1.8,0.33,0.33,0.5,49,100,100,0,1
2012-09-24,Réunion,Saint Pierre and Miquelon,0.7,0.0,2.1,0.0,0.6,10.25,0.33,0.33,1.0,24,100,100,0,1
2012-09-26,French Guiana,Saint Pierre and Miquelon,0.2,0.0,1.5,0.0,2.2,10.2,0.33,0.33,1.0,26,100,100,0,1
2012-09-26,Martinique,Mayotte,0.3,0.4,2.8,2.1,1.0,1.1,0.33,0.33,0.5,75,100,100,0,1
2012-09-26,Réunion,Guadeloupe,0.7,0.4,3.0,2.4,0.6,1.2,0.33,0.33,0.5,-51,100,100,0,1
2012-09-29,Guadeloupe,Mayotte,0.4,0.4,2.4,1.9,1.3,1.2,0.33,0.33,0.0,63,100,100,0,1
2012-10-14,Saint Kitts and Nevis,French Guiana,0.3,0.4,1.2,2.9,1.2,2.0,0.33,0.33,0.5,56,100,100,0,0
2012-10-21,Saint Lucia,Curaçao,0.1,0.3,1.3,2.7,3.3,2.3,0.33,0.33,0.0,17,100,100,0,1
2012-10-25,Saint Vincent and the Grenadines,Curaçao,0.1,0.3,0.6,2.5,2.1,2.1,0.33,0.33,0.5,4,100,100,0,1
2012-12-12,French Guiana,Martinique,0.6,0.4,2.9,1.8,1.5,1.2,0.33,0.33,0.5,-58,100,100,0,0
2013-03-16,Alderney,Jersey,0.0,0.6,0.1,1.7,5.0,0.8,0.33,0.33,0.1111111111111111,-45,100,100,0,0
2013-04-21,Saint Vincent and the Grenadines,Saint Lucia,0.2,0.2,1.0,1.7,2.0,3.2,0.33,0.33,0.625,-11,100,100,0,0
2013-05-18,Guernsey,Jersey,0.8,0.6,3.3,2.4,1.0,0.9,0.33,0.33,0.4615384615384615,-4,100,100,0,1
2013-06-24,Provence,Tibet,0.3,0.0,3.2,0.0,2.7,7.833333333333333,0.33,0.33,0.5,9,100,100,0,1
2013-06-28,Provence,Kurdistan,0.3,0.75,5.3,2.75,2.3,0.5,0.33,0.33,0.5,13,100,100,0,0
2013-06-28,Western Sahara,Tibet,0.3333333333333333,0.0,1.8333333333333333,0.0,3.6666666666666665,9.857142857142858,0.33,0.33,0.5,-1,100,100,0,0
2013-07-06,Raetia,Alderney,0.25,0.0,0.25,0.3,3.25,5.4,0.33,0.33,0.5,-25,100,100,0,1
2013-07-06,Tamil Eelam,Occitania,0.4,0.7,1.8,3.4,2.8,0.8,0.33,0.33,1.0,-11,100,100,0,0
2013-07-07,Raetia,Tamil Eelam,0.4,0.3333333333333333,0.8,1.5,3.0,3.1666666666666665,0.33,0.33,1.0,-1,100,100,0,0
2013-07-14,Frøya,Falkland Islands,0.3,0.1,2.4,0.8,3.4,3.5,0.33,0.33,0.0,5,100,100,0,0
2013-07-15,Greenland,Frøya,0.2,0.3,1.2,2.4,2.6,3.3,0.33,0.33,0.5,22,100,100,0,1
2013-07-17,Falkland Islands,Greenland,0.2,0.3,0.9,2.4,4.0,2.5,0.33,0.33,1.0,-27,100,100,0,0
2013-07-18,Falkland Islands,Frøya,0.2,0.2,0.8,0.8,4.7,5.0,0.33,0.33,0.0,-5,100,100,0,1
2014-03-15,Alderney,Guernsey,0.0,0.8,0.7,3.4,4.7,1.1,0.33,0.33,0.0833333333333333,-40,100,100,0,0
2014-05-11,Jersey,Guernsey,0.5,0.8,2.2,3.3,1.1,1.1,0.33,0.33,0.4814814814814814,3,100,100,0,0
2014-06-01,Darfur,Padania,0.0,1.0,0.3333333333333333,2.1,12.666666666666666,0.3,0.33,0.33,0.5,-10,100,100,0,0
2014-06-01,Iraqi Kurdistan,Arameans Suryoye,0.8,0.4,2.6,1.4,0.9,1.2,0.33,0.33,0.0,12,100,100,0,0
2014-06-01,United States Virgin Islands,Bonaire,0.2,0.25,0.6,1.75,5.2,3.75,0.33,0.33,0.5,18,100,100,0,0
2014-06-02,Tamil Eelam,Arameans Suryoye,0.4285714285714285,0.5,2.0,1.5,2.7142857142857144,1.1666666666666667,0.33,0.33,0.5,1,100,100,0,0
2014-06-03,Sápmi,Occitania,0.3,0.7,2.2,3.8,2.2,0.7,0.33,0.33,0.0,-4,100,100,0,0
2014-06-03,Tamil Eelam,Iraqi Kurdistan,0.375,0.7,1.75,2.1,2.625,1.1,0.33,0.33,0.5,-10,100,100,0,0
2014-06-05,Sápmi,Tamil Eelam,0.3,0.3333333333333333,2.0,1.5555555555555556,2.1,3.333333333333333,0.33,0.33,0.5,6,100,100,0,1
2014-06-06,Arameans Suryoye,Ellan Vannin,0.5,0.6666666666666666,1.375,2.6666666666666665,0.875,1.6666666666666667,0.33,0.33,0.5,5,100,100,0,0
2014-06-06,County of Nice,South Ossetia,0.6666666666666666,0.3333333333333333,1.6666666666666667,6.666666666666667,1.6666666666666667,1.0,0.33,0.33,0.5,0,100,100,0,1
2014-06-07,Abkhazia,Occitania,0.25,0.6,1.5,3.3,1.25,0.7,0.33,0.33,0.0,-17,100,100,0,0
2014-06-07,Sápmi,Artsakh,0.4,0.3333333333333333,2.4,4.666666666666667,2.2,1.3333333333333333,0.33,0.33,0.5,13,100,100,0,0
2014-06-07,Tamil Eelam,Darfur,0.3,0.0,1.6,0.1666666666666666,3.4,14.833333333333334,0.33,0.33,0.5,4,100,100,0,1
2014-06-08,South Ossetia,Arameans Suryoye,0.25,0.4444444444444444,5.0,1.3333333333333333,1.5,1.2222222222222223,0.33,0.33,0.5,-5,100,100,0,0
2014-10-10,French Guiana,Saint Kitts and Nevis,0.5,0.3,2.3,1.4,1.0,1.4,0.33,0.33,0.0,-45,100,100,0,0
2014-10-10,Saint Vincent and the Grenadines,Curaçao,0.3,0.3,1.3,1.9,1.5,2.0,0.33,0.33,1.0,0,100,100,0,1
2014-10-12,Guadeloupe,Curaçao,0.4,0.2,2.8,1.0,1.5,1.9,0.33,0.33,0.5,21,100,100,0,0
2014-11-15,French Guiana,Curaçao,0.4,0.3,1.9,1.3,1.1,1.4,0.33,0.33,0.5,-14,100,100,0,1
2015-02-01,Curaçao,Bonaire,0.2,0.4,1.1,1.5,1.5,3.3,0.33,0.33,0.0,57,100,100,0,1
2015-03-12,Taiwan,Brunei,0.2,0.2,1.1,1.2,3.1,3.0,0.33,0.33,0.5,11,100,100,0,0
2015-03-17,Brunei,Taiwan,0.3,0.1,1.2,0.9,2.5,3.2,0.33,0.33,0.0,-11,100,100,0,0
2015-03-28,Alderney,Jersey,0.0,0.5,0.7,2.3,4.8,1.4,0.33,0.33,0.1,-44,100,100,0,0
2015-05-14,Saint Lucia,Saint Vincent and the Grenadines,0.5,0.4,1.5,1.3,1.6,1.4,0.33,0.33,0.5555555555555556,15,100,100,0,0
2015-05-16,Guernsey,Jersey,0.9,0.6,3.6,2.7,1.1,1.3,0.33,0.33,0.4642857142857143,-4,100,100,0,0
2015-06-13,Cape Verde,São Tomé and Príncipe,0.4,0.2,1.0,0.6,1.0,2.4,0.33,0.33,0.5,57,100,100,0,1
2015-06-19,Felvidék,County of Nice,0.6666666666666666,0.6666666666666666,2.0,1.8333333333333333,1.6666666666666667,1.1666666666666667,0.33,0.33,0.5,-3,100,100,0,0
2015-06-19,Padania,Ellan Vannin,0.7,0.75,3.7,3.25,1.0,1.125,0.33,0.33,0.5,11,100,100,0,1
2015-06-20,County of Nice,Ellan Vannin,0.7142857142857143,0.6666666666666666,2.142857142857143,2.888888888888889,1.1428571428571428,1.1111111111111112,0.33,0.33,0.5,-2,100,100,0,1
2015-06-20,Padania,Felvidék,0.7,0.5,3.6,1.75,0.9,2.25,0.33,0.33,0.5,16,100,100,0,1
2015-06-21,County of Nice,Padania,0.75,0.7,2.25,4.0,1.125,0.9,0.33,0.33,0.0,-13,100,100,0,0
2015-06-28,Falkland Islands,Hitra,0.3,0.125,1.4,0.75,4.5,6.0,0.33,0.33,0.5,13,100,100,0,1
2015-06-28,Jersey,Alderney,0.6,0.0,2.8,0.7,1.5,4.4,0.33,0.33,0.0909090909090909,44,100,100,0,1
2015-06-28,Saare County,Åland Islands,0.1,0.5,1.1,2.1,2.8,1.9,0.33,0.33,0.5,-3,100,100,0,0
2015-06-28,Western Isles,Isle of Man,0.4,0.5,1.4,2.5,1.8,2.0,0.33,0.33,1.0,-19,100,100,0,0
2015-06-28,Ynys Môn,Guernsey,0.4,0.8,1.7,3.3,2.6,1.4,0.33,0.33,0.4,-35,100,100,0,0
2015-06-29,Guernsey,Gotland,0.8,0.3,3.3,2.1,1.4,2.3,0.33,0.33,0.0,52,100,100,0,1
2015-06-29,Hitra,Shetland,0.1111111111111111,0.4,0.7777777777777778,1.6,5.555555555555555,1.1,0.33,0.33,1.0,-22,100,100,0,0
2015-06-29,Isle of Man,Alderney,0.6,0.0,3.4,0.7,1.6,4.6,0.33,0.33,0.5,1,100,100,0,1
2015-06-29,Isle of Wight,Falkland Islands,0.6,0.4,2.2,1.5,1.4,3.9,0.33,0.33,0.5,15,100,100,0,1
2015-06-29,Jersey,Western Isles,0.6,0.3,3.2,1.1,1.5,2.6,0.33,0.33,0.5,62,100,100,0,1
2015-06-29,Menorca,Saare County,0.5,0.1,3.0,1.2,1.4,2.8,0.33,0.33,1.0,-16,100,100,0,1
2015-06-29,Åland Islands,Greenland,0.5,0.3,2.0,3.0,1.9,1.7,0.33,0.33,0.6666666666666666,-18,100,100,0,0
2015-06-30,Alderney,Western Isles,0.0,0.3,0.7,1.1,4.8,2.8,0.33,0.33,0.5,18,100,100,0,0
2015-06-30,Falkland Islands,Shetland,0.4,0.4,1.4,1.6,3.9,1.2,0.33,0.33,1.0,-9,100,100,0,0
2015-06-30,Gotland,Ynys Môn,0.3,0.4,2.1,1.9,2.5,2.4,0.33,0.33,0.0,-17,100,100,0,0
2015-06-30,Greenland,Saare County,0.4,0.1,3.0,1.0,1.3,2.8,0.33,0.33,1.0,21,100,100,0,1
2015-06-30,Isle of Wight,Hitra,0.7,0.1,2.5,0.8,1.2,5.4,0.33,0.33,0.0,28,100,100,0,1
2015-06-30,Jersey,Isle of Man,0.6,0.6,3.3,3.9,1.4,1.5,0.33,0.33,1.0,43,100,100,0,0
2015-06-30,Åland Islands,Menorca,0.4,0.5,1.6,2.7,1.9,1.3,0.33,0.33,0.0,19,100,100,0,0
2015-07-02,Falkland Islands,Western Isles,0.4,0.3,1.4,1.3,3.9,3.0,0.33,0.33,1.0,5,100,100,0,0
2015-07-02,Gotland,Saare County,0.3,0.1,2.2,1.0,2.6,2.6,0.33,0.33,1.0,-5,100,100,0,0
2015-07-02,Hitra,Alderney,0.1,0.0,0.9,0.9,4.9,4.8,0.33,0.33,0.5,-26,100,100,0,1
2015-07-02,Isle of Wight,Greenland,0.7,0.5,2.3,3.1,1.2,1.2,0.33,0.33,0.25,-12,100,100,0,0
2015-07-02,Jersey,Ynys Môn,0.6,0.4,3.4,1.9,1.5,2.6,0.33,0.33,0.3333333333333333,39,100,100,0,1
2015-07-02,Menorca,Guernsey,0.5,0.8,2.6,3.5,1.3,1.1,0.33,0.33,0.5,-63,100,100,0,0
2015-07-02,Shetland,Isle of Man,0.4,0.6,1.8,3.6,1.1,1.6,0.33,0.33,0.25,-5,100,100,0,0
2015-07-03,Guernsey,Isle of Man,0.9,0.6,3.5,3.5,0.8,1.5,0.33,0.33,0.5,39,100,100,0,1
2015-07-03,Menorca,Shetland,0.5,0.4,2.5,1.9,1.3,1.4,0.33,0.33,0.0,-19,100,100,0,1
2015-08-08,Réunion,Mayotte,0.7,0.5,2.3,1.2,0.7,0.9,0.33,0.33,0.5,11,100,100,0,1
2016-03-13,Tamil Eelam,Romani people,0.4,0.3333333333333333,2.6,2.333333333333333,3.3,2.6666666666666665,0.33,0.33,0.5,8,100,100,0,1
2016-03-26,Sint Maarten,United States Virgin Islands,0.5,0.1,1.6,0.4,1.6,4.7,0.33,0.33,0.5,-14,100,100,0,0
2016-04-02,Alderney,Guernsey,0.0,0.9,1.0,3.1,4.6,0.8,0.33,0.33,0.0769230769230769,-41,100,100,0,0
2016-05-14,Jersey,Guernsey,0.6,0.9,3.0,3.0,1.4,0.8,0.33,0.33,0.4482758620689655,2,100,100,0,1
2016-05-29,Iraqi Kurdistan,Székely Land,0.5,0.0,2.5,1.6666666666666667,0.9,3.333333333333333,0.33,0.33,0.5,19,100,100,0,1
2016-05-29,Padania,Northern Cyprus,0.7,0.7,4.2,4.7,1.0,0.6,0.33,0.33,0.5,9,100,100,0,0
2016-05-30,Raetia,Padania,0.4285714285714285,0.6,1.4285714285714286,4.2,2.857142857142857,1.2,0.33,0.33,0.5,-16,100,100,0,0
2016-05-31,Northern Cyprus,Raetia,0.8,0.375,4.9,1.25,0.7,3.25,0.33,0.33,0.5,6,100,100,0,1
2016-06-01,Abkhazia,Sápmi,0.4285714285714285,0.3,2.2857142857142856,2.3,0.8571428571428571,2.3,0.33,0.33,0.0,-12,100,100,0,1
2016-06-01,Martinique,Guadeloupe,0.4,0.4,1.3,2.8,1.1,1.4,0.33,0.33,0.5555555555555556,22,100,100,0,1
2016-06-02,Székely Land,Raetia,0.0,0.3333333333333333,1.0,1.1111111111111112,2.8,3.6666666666666665,0.33,0.33,0.5,-4,100,100,0,1
2016-06-03,Somaliland,Székely Land,0.3333333333333333,0.1666666666666666,1.0,2.0,4.0,2.333333333333333,0.33,0.33,0.5,-3,100,100,0,1
2016-06-03,United Koreans in Japan,Sápmi,0.3333333333333333,0.3,0.6666666666666666,2.2,1.3333333333333333,2.3,0.33,0.33,0.5,-17,100,100,0,0
2016-06-04,Abkhazia,Northern Cyprus,0.5,0.7,2.25,4.7,0.75,0.7,0.33,0.33,0.5,-8,100,100,0,1
2016-06-04,Padania,Panjab,0.5,0.75,2.7,2.5,1.3,2.5,0.33,0.33,0.5,21,100,100,0,1
2016-06-04,Sápmi,Western Armenia,0.3,0.25,1.7,3.5,2.2,1.0,0.33,0.33,0.5,17,100,100,0,1
2016-06-04,São Tomé and Príncipe,Cape Verde,0.3,0.3,0.8,1.2,2.7,0.8,0.33,0.33,1.0,-57,100,100,0,0
2016-06-05,Padania,Northern Cyprus,0.6,0.6,2.7,3.7,1.1,0.9,0.33,0.33,0.0,9,100,100,0,0
2016-06-07,Curaçao,United States Virgin Islands,0.4,0.2,1.6,0.6,1.1,3.6,0.33,0.33,0.5,47,100,100,0,1
2016-06-07,Saint Vincent and the Grenadines,Saint Kitts and Nevis,0.3,0.6,1.5,2.3,2.8,1.4,0.33,0.33,0.25,-30,100,100,0,0
2016-08-28,Chagos Islands,Tamil Eelam,0.2,0.6,1.6,3.5,5.8,2.4,0.33,0.33,0.5,-8,100,100,0,0
2016-10-08,French Guiana,Saint Kitts and Nevis,0.5,0.7,2.0,2.2,1.4,1.1,0.33,0.33,0.0,-44,100,100,0,1
2017-03-25,Alderney,Jersey,0.0,0.7,0.8,3.1,3.8,1.2,0.33,0.33,0.1666666666666666,-44,100,100,0,0
2017-05-13,Guernsey,Jersey,0.8,0.7,2.8,2.4,0.8,1.1,0.33,0.33,0.4666666666666667,-3,100,100,0,1
2017-06-05,Abkhazia,South Ossetia,0.5,0.2,2.1,4.2,0.7,2.0,0.33,0.33,0.0,5,100,100,0,1
2017-06-05,Felvidék,Székely Land,0.375,0.125,1.375,1.625,2.125,3.0,0.33,0.33,0.0,0,100,100,0,1
2017-06-05,Padania,Ellan Vannin,0.6,0.5,2.4,2.5,1.0,1.2,0.33,0.33,1.0,16,100,100,0,1
2017-06-06,Ellan Vannin,Felvidék,0.4,0.4444444444444444,2.1,1.3333333333333333,1.1,1.8888888888888888,0.33,0.33,0.5,3,100,100,0,1
2017-06-06,Northern Cyprus,South Ossetia,0.6,0.1666666666666666,3.2,3.6666666666666665,0.8,2.0,0.33,0.33,0.5,13,100,100,0,1
2017-06-07,Ellan Vannin,Székely Land,0.5,0.1,2.1,1.4,1.0,2.6,0.33,0.33,0.5,3,100,100,0,0
2017-06-07,Padania,Felvidék,0.6,0.4,2.2,1.2,0.8,1.8,0.33,0.33,1.0,19,100,100,0,1
2017-06-07,South Ossetia,Kárpátalja,0.1428571428571428,0.0,3.142857142857143,1.0,2.857142857142857,1.3333333333333333,0.33,0.33,0.5,4,100,100,0,0
2017-06-09,Northern Cyprus,Székely Land,0.6,0.2,2.4,1.6,0.6,2.5,0.33,0.33,0.5,10,100,100,0,1
2017-06-09,South Ossetia,Felvidék,0.125,0.3,2.875,1.0,3.0,1.9,0.33,0.33,0.5,-3,100,100,0,0
2017-06-10,Székely Land,Abkhazia,0.2,0.5,1.6,1.9,2.4,0.5,0.33,0.33,0.5,-2,100,100,0,1
2017-06-22,Martinique,Curaçao,0.6,0.5,1.6,2.2,1.0,0.9,0.33,0.33,0.0,30,100,100,0,0
2017-06-25,Alderney,Jersey,0.0,0.7,0.7,2.4,3.7,1.1,0.33,0.33,0.1538461538461538,-45,100,100,0,0
2017-06-25,Gotland,Frøya,0.2,0.1,2.2,0.5,2.9,5.4,0.33,0.33,0.0,0,100,100,0,1
2017-06-25,Isle of Man,Hitra,0.6,0.2,3.4,1.4,1.6,4.6,0.33,0.33,0.0,28,100,100,0,1
2017-06-25,Martinique,French Guiana,0.5,0.6,1.6,2.2,1.2,1.2,0.33,0.33,0.4,50,100,100,0,0
2017-06-25,Menorca,Orkney,0.5,0.2,2.0,1.2,1.3,4.0,0.33,0.33,0.5,3,100,100,0,1
2017-06-25,Saare County,Shetland,0.2,0.4,1.3,1.9,2.7,1.4,0.33,0.33,0.3333333333333333,-4,100,100,0,0
2017-06-25,Western Isles,Greenland,0.3,0.6,1.3,3.1,3.0,1.0,0.33,0.33,0.5,-32,100,100,0,0
2017-06-25,Ynys Môn,Falkland Islands,0.4,0.4,1.9,1.5,2.5,3.5,0.33,0.33,0.5,18,100,100,0,1
2017-06-26,Falkland Islands,Isle of Man,0.4,0.7,1.4,3.9,3.2,1.1,0.33,0.33,0.5,-15,100,100,0,0
2017-06-26,Gotland,Western Isles,0.3,0.3,2.7,1.3,2.6,2.8,0.33,0.33,0.6666666666666666,6,100,100,0,1
2017-06-26,Hitra,Ynys Môn,0.2,0.4,1.3,1.9,4.7,2.4,0.33,0.33,1.0,-31,100,100,0,0
2017-06-26,Orkney,Alderney,0.2,0.0,1.1,0.5,3.7,3.8,0.33,0.33,1.0,-27,100,100,0,1
2017-06-26,Shetland,Guernsey,0.4,0.7,2.2,2.3,1.8,0.9,0.33,0.33,1.0,-47,100,100,0,0
2017-06-27,Frøya,Western Isles,0.1,0.2,0.7,0.6,5.7,3.5,0.33,0.33,0.5,6,100,100,0,0
2017-06-27,Gotland,Greenland,0.3,0.6,3.1,3.4,2.4,1.0,0.33,0.33,1.0,-26,100,100,0,0
2017-06-27,Hitra,Falkland Islands,0.2,0.3,1.3,1.3,5.0,3.7,0.33,0.33,1.0,-13,100,100,0,1
2017-06-27,Isle of Man,Ynys Môn,0.7,0.5,4.0,2.4,1.1,2.1,0.33,0.33,0.3333333333333333,-3,100,100,0,1
2017-06-27,Menorca,Alderney,0.5,0.0,1.9,0.5,1.4,3.7,0.33,0.33,0.5,-24,100,100,0,1
2017-06-27,Orkney,Jersey,0.3,0.7,1.4,2.4,2.7,1.0,0.33,0.33,1.0,-72,100,100,0,0
2017-06-27,Åland Islands,Shetland,0.2,0.4,1.2,2.0,1.8,1.9,0.33,0.33,1.0,-1,100,100,0,1
2017-06-28,Saint Lucia,Saint Vincent and the Grenadines,0.4,0.1,1.3,1.3,1.7,4.1,0.33,0.33,0.5,7,100,100,0,1
2017-06-29,Falkland Islands,Alderney,0.2,0.0,1.2,0.5,3.8,3.8,0.33,0.33,0.0,-15,100,100,0,0
2017-06-29,Gotland,Jersey,0.3,0.7,2.9,2.4,2.1,0.8,0.33,0.33,0.5,-59,100,100,0,0
2017-06-29,Guernsey,Isle of Man,0.7,0.7,2.0,3.8,0.5,1.1,0.33,0.33,0.6,42,100,100,0,0
2017-06-29,Orkney,Shetland,0.2,0.4,1.1,2.0,2.9,1.9,0.33,0.33,0.0,-22,100,100,0,1
2017-06-29,Saare County,Frøya,0.2,0.1,1.5,0.9,2.2,5.8,0.33,0.33,0.0,5,100,100,0,1
2017-06-29,Ynys Môn,Åland Islands,0.5,0.3,2.4,1.1,2.1,1.6,0.33,0.33,0.0,9,100,100,0,0
2017-06-30,Greenland,Isle of Man,0.6,0.8,2.4,4.1,0.8,1.2,0.33,0.33,1.0,12,100,100,0,0
2017-06-30,Menorca,Guernsey,0.5,0.6,2.3,2.0,1.1,0.9,0.33,0.33,0.0,-66,100,100,0,0
2018-03-24,Alderney,Guernsey,0.1,0.6,0.7,1.7,3.6,0.9,0.33,0.33,0.0714285714285714,-43,100,100,0,0
2018-05-12,Jersey,Guernsey,0.7,0.6,2.1,1.7,1.0,0.8,0.33,0.33,0.4838709677419355,1,100,100,0,1
2018-05-31,Abkhazia,Tibet,0.5,0.125,2.0,1.5,0.7,8.875,0.33,0.33,0.5,7,100,100,0,1
2018-05-31,Székely Land,Tuvalu,0.3,0.3,1.7,1.3,2.1,4.8,0.33,0.33,0.5,-5,100,100,0,1
2018-06-02,Abkhazia,Kárpátalja,0.5,0.1666666666666666,1.4,1.8333333333333333,0.7,1.5,0.33,0.33,0.0,10,100,100,0,0
2018-06-02,Ellan Vannin,Tamil Eelam,0.4,0.5,1.8,3.1,1.6,2.6,0.33,0.33,0.5,1,100,100,0,1
2018-06-02,Northern Cyprus,Tibet,0.5,0.1111111111111111,2.3,1.3333333333333333,0.6,8.222222222222221,0.33,0.33,1.0,15,100,100,0,1
2018-06-02,Padania,Tuvalu,0.5,0.2,2.0,0.9,0.7,5.2,0.33,0.33,0.5,14,100,100,0,1
2018-06-02,Panjab,Western Armenia,0.5714285714285714,0.1666666666666666,2.7142857142857144,2.333333333333333,1.7142857142857142,1.1666666666666667,0.33,0.33,0.0,1,100,100,0,0
2018-06-03,Barawa,Ellan Vannin,0.25,0.4,1.75,1.7,2.5,1.5,0.33,0.33,0.5,-13,100,100,0,1
2018-06-03,Kárpátalja,Tibet,0.2857142857142857,0.1,1.8571428571428568,1.3,1.2857142857142858,7.7,0.33,0.33,0.5,-3,100,100,0,1
2018-06-03,Padania,Székely Land,0.5,0.5,2.2,2.6,0.7,1.7,0.33,0.33,0.0,19,100,100,0,1
2018-06-05,Abkhazia,Tamil Eelam,0.3,0.4,1.3,2.6,1.1,2.9,0.33,0.33,0.5,1,100,100,0,1
2018-06-05,Barawa,Northern Cyprus,0.4,0.5,1.8,2.0,2.0,0.8,0.33,0.33,0.5,-21,100,100,0,0
2018-06-05,Kárpátalja,Cascadia,0.375,0.6666666666666666,2.25,3.0,1.25,1.6666666666666667,0.33,0.33,0.5,5,100,100,0,1
2018-06-05,Padania,Panjab,0.6,0.4444444444444444,2.3,2.2222222222222223,0.6,1.5555555555555556,0.33,0.33,1.0,26,100,100,0,1
2018-06-05,United Koreans in Japan,Tuvalu,0.125,0.2,0.625,0.9,1.0,5.0,0.33,0.33,0.5,-13,100,100,0,1
2018-06-05,Western Armenia,Székely Land,0.375,0.4,2.375,2.0,0.875,2.0,0.33,0.33,0.5,-8,100,100,0,0
2018-06-07,Abkhazia,United Koreans in Japan,0.3,0.2222222222222222,1.7,1.1111111111111112,1.1,0.8888888888888888,0.33,0.33,0.5,10,100,100,0,1
2018-06-07,Barawa,Panjab,0.3333333333333333,0.4,1.5,2.0,3.0,1.6,0.33,0.33,0.5,-4,100,100,0,0
2018-06-07,Cascadia,Western Armenia,0.5,0.3333333333333333,2.5,2.111111111111111,2.0,1.2222222222222223,0.33,0.33,0.5,-5,100,100,0,1
2018-06-07,Kárpátalja,Székely Land,0.4444444444444444,0.5,2.333333333333333,2.4,1.2222222222222223,1.3,0.33,0.33,0.5,-8,100,100,0,1
2018-06-07,Northern Cyprus,Padania,0.6,0.6,2.8,2.4,0.6,0.6,0.33,0.33,0.0,-9,100,100,0,1
2018-06-07,Tamil Eelam,Tuvalu,0.4,0.2,2.6,0.8,3.3,4.9,0.33,0.33,0.5,-4,100,100,0,1
2018-06-07,Tibet,Kabylia,0.1,0.0,1.4,0.0,7.5,3.0,0.33,0.33,0.5,7,100,100,0,0
2018-06-09,Barawa,Western Armenia,0.2857142857142857,0.3,1.2857142857142858,1.9,3.2857142857142856,1.5,0.33,0.33,0.5,-3,100,100,0,0
2018-06-09,Kabylia,Abkhazia,0.2,0.4,1.6,1.8,2.6,1.0,0.33,0.33,0.5,-15,100,100,0,0
2018-06-09,Matabeleland,Tamil Eelam,0.25,0.5,1.0,3.0,3.0,2.7,0.33,0.33,0.5,-15,100,100,0,1
2018-09-11,Saint Martin,Guadeloupe,0.0,0.3,0.4,1.3,4.2,1.5,0.33,0.33,1.0,-68,100,100,0,0
2018-10-11,French Guiana,Saint Vincent and the Grenadines,0.5,0.0,1.9,0.9,1.2,4.1,0.33,0.33,0.0,-11,100,100,0,0
2018-10-12,United States Virgin Islands,Curaçao,0.2,0.7,0.6,3.3,3.8,1.2,0.33,0.33,0.6666666666666666,-54,100,100,0,0
2018-10-14,Saint Martin,Saint Kitts and Nevis,0.0,0.6,0.4,1.5,4.5,1.1,0.33,0.33,0.5,-84,100,100,0,0
2018-11-19,Curaçao,Guadeloupe,0.7,0.3,3.3,1.4,1.0,1.3,0.33,0.33,0.0,-3,100,100,0,1
2019-01-07,China,Kyrgyzstan,0.3,0.6,1.0,1.6,1.1,1.5,0.33,0.33,0.5,117,100,100,0,1
2019-03-22,Saint Vincent and the Grenadines,Bonaire,0.1,0.3,1.1,1.1,3.4,3.7,0.33,0.33,0.5,66,100,100,0,1
2019-03-23,Alderney,Jersey,0.1,0.7,0.7,1.9,3.2,1.0,0.33,0.33,0.1428571428571428,-45,100,100,0,0
2019-03-23,Guadeloupe,Martinique,0.3,0.6,1.4,1.8,1.7,1.2,0.33,0.33,0.6,-27,100,100,0,0
2019-03-23,Sint Maarten,Saint Martin,0.4,0.0,1.2,0.6,3.5,5.0,0.33,0.33,0.5,-6,100,100,0,1
2019-06-02,Artsakh,Sápmi,0.5,0.4,4.75,2.0,1.25,1.8,0.33,0.33,0.0,-18,100,100,0,1
2019-06-02,Padania,Székely Land,0.5,0.5,2.5,2.5,0.7,1.3,0.33,0.33,0.3333333333333333,19,100,100,0,1
2019-06-02,Western Armenia,South Ossetia,0.3,0.1111111111111111,1.4,2.555555555555556,1.5,2.888888888888889,0.33,0.33,0.5,2,100,100,0,0
2019-06-03,South Ossetia,Padania,0.2,0.6,2.5,2.8,2.7,0.6,0.33,0.33,0.0,-29,100,100,0,1
2019-06-03,Székely Land,Western Armenia,0.5,0.3,2.4,1.5,1.6,1.6,0.33,0.33,0.0,8,100,100,0,0
2019-06-03,Sápmi,Abkhazia,0.4,0.5,1.8,1.9,1.7,0.8,0.33,0.33,0.5,1,100,100,0,0
2019-06-06,Artsakh,Székely Land,0.4285714285714285,0.4,3.4285714285714284,2.1,1.7142857142857142,1.9,0.33,0.33,0.5,-15,100,100,0,1
2019-06-06,Padania,Sápmi,0.5,0.4,2.8,1.7,0.9,1.9,0.33,0.33,0.5,16,100,100,0,1
2019-06-08,Artsakh,Padania,0.5,0.6,3.25,3.1,1.625,0.8,0.33,0.33,0.5,-34,100,100,0,1
2019-06-08,Sápmi,Székely Land,0.3,0.3,1.3,1.9,2.1,2.0,0.33,0.33,0.5,3,100,100,0,1
2019-06-09,Western Armenia,South Ossetia,0.4,0.2,2.0,0.9,1.2,2.7,0.33,0.33,0.0,2,100,100,0,0
2019-06-16,Alderney,Hitra,0.1,0.3,0.7,1.5,2.7,2.7,0.33,0.33,1.0,30,100,100,0,0
2019-06-16,Jersey,Orkney,0.7,0.3,1.9,1.3,0.8,2.3,0.33,0.33,0.5,75,100,100,0,1
2019-06-16,Ynys Môn,Western Isles,0.5,0.3,2.1,1.0,1.7,3.2,0.33,0.33,0.0,23,100,100,0,1
2019-06-17,Guernsey,Shetland,0.4,0.4,1.3,2.3,0.9,1.8,0.33,0.33,0.6666666666666666,50,100,100,0,1
2019-06-17,Isle of Man,Hitra,0.9,0.4,4.5,1.8,1.0,2.5,0.33,0.33,0.5,28,100,100,0,1
2019-06-17,Jersey,Western Isles,0.7,0.3,2.3,1.1,0.8,3.2,0.33,0.33,1.0,68,100,100,0,1
2019-06-17,Ynys Môn,Orkney,0.5,0.3,1.8,1.3,1.8,2.2,0.33,0.33,0.0,30,100,100,0,1
2019-06-18,Isle of Man,Alderney,0.9,0.1,4.3,0.7,1.1,2.8,0.33,0.33,1.0,-1,100,100,0,1
2019-06-18,Western Isles,Orkney,0.3,0.3,1.1,1.4,3.8,2.2,0.33,0.33,1.0,7,100,100,0,0
2019-06-18,Ynys Môn,Jersey,0.5,0.7,1.9,2.8,1.8,0.7,0.33,0.33,0.5,-45,100,100,0,1
2019-06-20,Isle of Man,Guernsey,0.9,0.5,4.2,2.2,1.2,0.8,0.33,0.33,0.5,-45,100,100,0,0
2019-06-20,Jersey,Hitra,0.7,0.3,2.7,1.7,0.6,3.1,0.33,0.33,0.5,77,100,100,0,1
2019-06-20,Orkney,Alderney,0.4,0.1,1.5,0.7,2.1,2.9,0.33,0.33,1.0,-28,100,100,0,0
2019-06-20,Ynys Môn,Shetland,0.6,0.4,1.8,2.4,1.3,2.0,0.33,0.33,0.5,9,100,100,0,1
2019-06-21,Shetland,Isle of Man,0.3,0.8,2.1,4.2,2.1,1.4,0.33,0.33,0.2,-6,100,100,0,0
2019-06-21,Ynys Môn,Guernsey,0.7,0.6,1.9,2.4,1.3,0.9,0.33,0.33,0.3333333333333333,-42,100,100,0,1
2019-07-20,Réunion,Mayotte,0.9,0.6,2.9,1.5,0.4,1.1,0.33,0.33,0.6,11,100,100,0,1
2019-09-07,Guadeloupe,Sint Maarten,0.2,0.4,1.0,1.5,1.7,3.8,0.33,0.33,0.5,74,100,100,0,1
2019-09-08,Saint Martin,United States Virgin Islands,0.0,0.2,0.6,0.6,5.4,3.9,0.33,0.33,0.0,-11,100,100,0,0
2019-10-14,Sint Maarten,Guadeloupe,0.3,0.4,1.4,1.5,4.5,1.4,0.33,0.33,1.0,-74,100,100,0,0
2019-11-17,French Guiana,Saint Kitts and Nevis,0.3,0.3,1.3,1.8,1.4,1.0,0.33,0.33,0.25,-39,100,100,0,1
2019-11-19,United States Virgin Islands,Saint Martin,0.2,0.2,0.5,1.0,3.2,3.7,0.33,0.33,0.0,11,100,100,0,0
2021-03-25,Curaçao,Saint Vincent and the Grenadines,0.3,0.5,1.2,1.1,0.8,1.0,0.33,0.33,1.0,11,100,100,0,1
2021-03-29,DR Congo,Gambia,0.3,0.3,1.0,1.3,1.1,1.2,0.33,0.33,0.0,101,100,100,0,1
2022-03-25,Alderney,Jersey,0.2,0.7,0.9,2.7,2.9,0.7,0.33,0.33,0.1333333333333333,-47,100,100,0,0
2022-04-23,Alderney,Guernsey,0.2,0.5,0.9,2.2,3.3,1.1,0.33,0.33,0.0666666666666666,-44,100,100,0,0
2022-05-13,Guernsey,Jersey,0.6,0.8,2.3,3.0,1.0,0.5,0.33,0.33,0.4848484848484848,-2,100,100,0,0
2022-05-21,Jersey,Guernsey,0.8,0.6,2.9,2.1,0.6,0.8,0.33,0.33,0.4705882352941176,2,100,100,0,1
2022-06-11,United States Virgin Islands,Bonaire,0.1,0.4,0.5,1.9,2.6,2.5,0.33,0.33,0.0,26,100,100,0,0
2022-06-14,Bonaire,United States Virgin Islands,0.5,0.1,2.1,0.5,2.0,2.7,0.33,0.33,0.0,-26,100,100,0,1
2023-03-23,Saint Martin,Saint Kitts and Nevis,0.3,0.4,1.1,1.3,1.6,1.4,0.33,0.33,0.0,-89,100,100,0,0
2023-03-25,Sint Maarten,Bonaire,0.2,0.6,2.1,2.3,2.7,1.4,0.33,0.33,0.0,3,100,100,0,1
2023-03-28,United States Virgin Islands,Sint Maarten,0.1,0.3,0.5,2.7,2.5,2.6,0.33,0.33,0.0,23,100,100,0,0
2023-06-16,Martinique,Saint Lucia,0.0,0.5,0.7,1.0,2.5,1.2,0.33,0.33,0.5714285714285714,35,100,100,0,1
2023-06-17,French Guiana,Sint Maarten,0.5,0.3,1.5,2.5,1.2,2.4,0.33,0.33,0.5,55,100,100,0,1
2023-06-30,Székely Land,Chameria,0.2,0.4,1.7,1.8,2.3,0.8,0.33,0.33,0.5,19,100,100,0,1
2023-07-01,Chameria,Two Sicilies,0.3333333333333333,0.25,1.8333333333333333,0.5,1.1666666666666667,2.0,0.33,0.33,0.5,2,100,100,0,1
2023-07-02,Székely Land,Two Sicilies,0.2,0.2,1.5,0.6,2.5,2.2,0.33,0.33,0.5,20,100,100,0,1
2023-07-09,Guernsey,Western Isles,0.5,0.4,2.0,1.4,0.9,2.9,0.33,0.33,1.0,69,100,100,0,1
2023-07-09,Isle of Man,Falkland Islands,0.8,0.2,4.4,1.2,1.3,3.3,0.33,0.33,0.4,20,100,100,0,1
2023-07-09,Jersey,Gozo,0.8,0.1666666666666666,2.7,1.1666666666666667,0.4,3.333333333333333,0.33,0.33,0.5,93,100,100,0,1
2023-07-09,Menorca,Saint Helena,0.5,0.0,2.1,0.6666666666666666,1.0,5.666666666666667,0.33,0.33,0.5,18,100,100,0,1
2023-07-09,Ynys Môn,Shetland,0.7,0.2,1.8,1.6,1.2,2.6,0.33,0.33,0.6666666666666666,9,100,100,0,1
2023-07-09,Åland Islands,Isle of Wight,0.3,0.7,1.1,2.3,1.6,1.0,0.33,0.33,0.0,-2,100,100,0,0
2023-07-10,Falkland Islands,Ynys Môn,0.2,0.8,1.2,2.0,2.7,1.1,0.33,0.33,1.0,-23,100,100,0,0
2023-07-10,Gozo,Saint Helena,0.1428571428571428,0.0,1.0,0.5,3.0,5.5,0.33,0.33,0.5,3,100,100,0,1
2023-07-10,Greenland,Frøya,0.5,0.1,1.7,1.1,1.5,5.4,0.33,0.33,0.5,28,100,100,0,1
2023-07-10,Guernsey,Åland Islands,0.5,0.3,1.9,0.9,0.9,1.5,0.33,0.33,0.3333333333333333,59,100,100,0,1
2023-07-10,Jersey,Menorca,0.8,0.6,2.7,2.4,0.4,0.8,0.33,0.33,0.3333333333333333,78,100,100,0,1
2023-07-10,Shetland,Isle of Man,0.2,0.9,1.5,4.7,2.5,1.0,0.33,0.33,0.1666666666666666,-6,100,100,0,1
2023-07-10,Western Isles,Isle of Wight,0.3,0.8,1.1,2.5,2.8,0.7,0.33,0.33,0.5,-12,100,100,0,0
2023-07-11,Falkland Islands,Shetland,0.1,0.3,0.7,1.8,3.2,2.6,0.33,0.33,0.5,-14,100,100,0,0
2023-07-11,Frøya,Orkney,0.1,0.4,1.1,1.4,4.8,1.8,0.33,0.33,0.5,9,100,100,0,0
2023-07-11,Guernsey,Isle of Wight,0.6,0.8,2.3,2.2,0.9,0.7,0.33,0.33,0.6,57,100,100,0,0
2023-07-11,Isle of Man,Ynys Môn,0.8,0.8,4.4,2.2,1.3,1.2,0.33,0.33,0.5,-3,100,100,0,0
2023-07-11,Menorca,Gozo,0.5,0.25,2.1,1.25,1.2,2.625,0.33,0.33,0.5,15,100,100,0,0
2023-07-11,Saint Helena,Jersey,0.0,0.8,0.4,2.9,5.0,0.4,0.33,0.33,0.5,-96,100,100,0,0
2023-07-11,Åland Islands,Western Isles,0.3,0.2,0.9,0.9,1.4,2.8,0.33,0.33,0.0,10,100,100,0,0
2023-07-13,Frøya,Saint Helena,0.0,0.0,1.0,0.3333333333333333,5.0,5.0,0.33,0.33,0.5,26,100,100,0,1
2023-07-13,Guernsey,Gozo,0.6,0.3333333333333333,2.4,1.2222222222222223,1.1,2.333333333333333,0.33,0.33,0.5,91,100,100,0,1
2023-07-13,Isle of Wight,Jersey,0.8,0.9,2.0,3.4,0.8,0.4,0.33,0.33,0.8333333333333334,-59,100,100,0,0
2023-07-13,Orkney,Isle of Man,0.4,0.7,1.5,4.0,2.0,1.3,0.33,0.33,0.5,-29,100,100,0,0
2023-07-13,Shetland,Greenland,0.3,0.6,1.7,1.7,2.3,1.3,0.33,0.33,1.0,-13,100,100,0,1
2023-07-13,Western Isles,Menorca,0.3,0.4,1.1,1.8,2.5,1.2,0.33,0.33,1.0,7,100,100,0,1
2023-07-14,Ynys Môn,Jersey,0.8,0.9,1.9,3.2,1.2,0.6,0.33,0.33,0.6,-48,100,100,0,0
2023-08-06,Tibet,Tamil Eelam,0.1,0.5,2.0,2.0,8.0,2.3,0.33,0.33,0.5,-8,100,100,0,0
2023-09-07,Saint Kitts and Nevis,Guadeloupe,0.3,0.5,1.1,1.8,2.2,1.0,0.33,0.33,0.5,17,100,100,0,0
2023-09-07,Sint Maarten,Saint Lucia,0.3,0.5,2.5,1.1,2.3,1.2,0.33,0.33,0.5,-70,100,100,0,0
2023-09-10,Guadeloupe,Sint Maarten,0.6,0.3,2.0,2.4,1.0,2.3,0.33,0.33,0.5,83,100,100,0,1
2023-09-10,Martinique,Curaçao,0.3,0.2,1.3,1.2,2.2,1.2,0.33,0.33,0.0,30,100,100,0,1
2023-09-10,Saint Lucia,Saint Kitts and Nevis,0.6,0.3,1.5,1.2,1.2,2.2,0.33,0.33,0.4285714285714285,-30,100,100,0,1
2023-09-11,Saint Martin,Bonaire,0.4,0.5,1.5,2.2,1.1,1.9,0.33,0.33,0.5,10,100,100,0,1
2023-10-12,Saint Lucia,Guadeloupe,0.7,0.6,1.7,2.3,0.9,1.0,0.33,0.33,0.0,-13,100,100,0,1
2023-10-12,Sint Maarten,Saint Kitts and Nevis,0.3,0.2,2.3,0.9,2.5,2.2,0.33,0.33,0.25,-100,100,100,0,0
2023-10-13,Saint Vincent and the Grenadines,French Guiana,0.2,0.4,1.2,1.3,2.5,1.2,0.33,0.33,0.0,12,100,100,0,0
2023-10-15,Guadeloupe,Saint Lucia,0.5,0.8,2.2,1.9,1.1,0.8,0.33,0.33,0.5,13,100,100,0,1
2023-10-15,Saint Kitts and Nevis,Sint Maarten,0.3,0.3,1.1,2.3,2.3,2.5,0.33,0.33,0.2,100,100,100,0,0
2023-10-16,French Guiana,Saint Vincent and the Grenadines,0.4,0.2,1.5,1.3,1.3,2.8,0.33,0.33,0.0,-12,100,100,0,1
2023-11-16,Sint Maarten,Guadeloupe,0.4,0.6,2.3,2.4,2.4,1.0,0.33,0.33,0.6666666666666666,-83,100,100,0,0
2023-11-19,Guadeloupe,Saint Kitts and Nevis,0.7,0.1,2.6,0.6,0.9,2.3,0.33,0.33,0.3333333333333333,-17,100,100,0,1
2023-11-19,Saint Lucia,Sint Maarten,0.7,0.4,1.8,2.1,0.9,2.4,0.33,0.33,0.0,70,100,100,0,0
2023-11-21,Bonaire,Saint Martin,0.5,0.5,1.9,2.1,1.4,1.0,0.33,0.33,1.0,-9,100,100,0,0
2023-11-30,Northern Mariana Islands,Tuvalu,0.2,0.1,0.8,0.9,4.6,6.0,0.33,0.33,0.5,-10,100,100,0,0
2024-03-21,Taiwan,Kyrgyzstan,0.2,0.1,1.0,0.7,2.3,1.8,0.33,0.33,0.5,-5,100,100,0,0
2024-03-26,Kyrgyzstan,Taiwan,0.2,0.2,0.9,1.0,1.8,2.0,0.33,0.33,0.0,5,100,100,0,1
2024-09-06,Saint Lucia,Curaçao,0.4,0.4,1.7,1.5,1.4,1.6,0.33,0.33,0.5,-7,100,100,0,1
2024-09-09,Curaçao,Saint Martin,0.3,0.5,1.4,2.4,1.7,1.1,0.33,0.33,0.5,76,100,100,0,1
2024-10-11,Guadeloupe,Martinique,0.7,0.4,2.3,1.4,1.0,1.7,0.33,0.33,0.5454545454545454,-24,100,100,0,0
2024-10-11,Saint Lucia,Saint Martin,0.5,0.4,1.7,2.2,1.2,1.4,0.33,0.33,0.5,69,100,100,0,1
2024-10-14,Saint Lucia,Saint Martin,0.5,0.4,1.4,2.3,1.2,1.6,0.33,0.33,1.0,69,100,100,0,0
2024-11-15,Curaçao,Saint Martin,0.5,0.5,1.8,2.7,1.0,1.3,0.33,0.33,1.0,76,100,100,0,1
2024-11-17,Saint Vincent and the Grenadines,Bonaire,0.4,0.3,1.7,1.0,1.9,1.3,0.33,0.33,0.5,76,100,100,0,1
2024-11-18,Saint Lucia,Curaçao,0.3,0.6,1.0,2.3,1.9,0.9,0.33,0.33,0.6666666666666666,-7,100,100,0,0
2025-06-06,Curaçao,Saint Lucia,0.7,0.3,2.7,1.1,0.9,2.1,0.33,0.33,0.5,7,100,100,0,1
2025-07-01,Tamil Eelam,Tibet,0.5,0.1,1.6,2.1,2.4,7.3,0.33,0.33,0.0,9,100,100,0,1
2025-07-04,Tamil Eelam,East Turkestan,0.7,0.3333333333333333,2.2,2.333333333333333,1.9,3.0,0.33,0.33,1.0,23,100,100,0,1
2025-07-13,Hitra,Isle of Man,0.3,0.7,1.7,3.7,3.2,1.3,0.33,0.33,0.6666666666666666,-34,100,100,0,0
2025-07-13,Orkney,Frøya,0.4,0.1,1.5,1.3,2.0,5.0,0.33,0.33,0.0,-9,100,100,0,1
2025-07-14,Isle of Man,Frøya,0.7,0.1,4.0,1.3,1.2,4.1,0.33,0.33,0.5,20,100,100,0,1
2025-07-14,Jersey,Gozo,0.9,0.3,3.0,1.0,0.8,1.9,0.33,0.33,1.0,93,100,100,0,1
2025-07-14,Orkney,Hitra,0.4,0.3,1.5,1.8,2.0,3.5,0.33,0.33,0.5,5,100,100,0,1
2025-07-14,Ynys Môn,Western Isles,0.8,0.4,2.1,1.3,1.3,1.8,0.33,0.33,0.5,24,100,100,0,1
2025-07-15,Frøya,Hitra,0.1,0.3,1.4,1.9,4.3,3.5,0.33,0.33,1.0,14,100,100,0,0
2025-07-15,Orkney,Isle of Man,0.5,0.7,1.8,4.4,1.9,1.3,0.33,0.33,0.0,-29,100,100,0,0
2025-07-17,Hitra,Frøya,0.3,0.1,2.0,1.4,3.4,4.3,0.33,0.33,0.5,-14,100,100,0,1
2025-07-17,Isle of Man,Ynys Môn,0.7,0.9,4.0,2.2,1.3,1.1,0.33,0.33,0.4,-1,100,100,0,0
2025-07-17,Orkney,Shetland,0.4,0.4,1.6,2.2,2.1,1.8,0.33,0.33,0.5,-22,100,100,0,1
2025-07-18,Isle of Man,Jersey,0.6,0.9,3.4,3.1,1.3,0.8,0.33,0.33,0.75,-49,100,100,0,1
2025-11-15,Saint Vincent and the Grenadines,Saint Lucia,0.5,0.4,1.9,1.1,1.4,2.5,0.33,0.33,0.5454545454545454,0,100,100,0,1
2026-03-26,Bonaire,Saint Vincent and the Grenadines,0.2,0.5,1.0,2.0,1.7,1.5,0.33,0.33,0.6666666666666666,-80,100,100,0,1
2026-03-27,China,Curaçao,0.3,0.4,0.7,2.0,2.0,0.7,0.33,0.33,0.5,115,100,100,0,1
2026-03-29,Bonaire,Saint Martin,0.2,0.5,1.0,1.7,1.8,1.6,0.33,0.33,0.5,-9,100,100,0,0
